Index,Prod_id
0,726
1,3141
2,5006
3,62666
4,62682
5,62784
6,88308
7,88311
8,88316
9,88555
10,88558
11,88559
12,94203
13,309202
14,331684
15,333262
16,333283
17,333286
18,333291
19,333303
20,333304
21,333309
22,333314
23,334339
24,334384
25,334397
26,338723
27,340643
28,342701
29,367186
30,373182
31,374500
32,374503
33,374504
34,383858
35,384164
36,384165
37,390811
38,390812
39,390813
40,390814
41,391033
42,391034
43,391035
44,391036
45,391039
46,391042
47,391171
48,391172
49,391176
50,391177
51,391179
52,391193
53,391214
54,391215
55,391216
56,391226
57,391229
58,391231
59,391234
60,391279
61,391280
62,391281
63,391282
64,391283
65,391285
66,391287
67,391288
68,391289
69,395626
70,395627
71,399013
72,399015
73,400883
74,400903
75,404756
76,404760
77,406109
78,406122
79,406124
80,406125
81,406126
82,406128
83,406130
84,406577
85,406596
86,407727
87,407737
88,414106
89,414113
90,414117
91,417671
92,417705
93,419676
94,421618
95,423838
96,426943
97,426944
98,426967
99,427014
100,427021
101,430392
102,432636
103,432638
104,432639
105,432640
106,432641
107,432642
108,432643
109,432645
110,432646
111,432647
112,432648
113,432650
114,432651
115,432652
116,432653
117,432658
118,432659
119,432660
120,432662
121,432663
122,440011
123,440186
124,440187
125,440188
126,440189
127,440629
128,440630
129,440640
130,440641
131,440642
132,440643
133,440644
134,440645
135,440648
136,440653
137,440654
138,440655
139,440661
140,440662
141,445338
142,445343
143,447881
144,449372
145,449386
146,449785
147,449786
148,449789
149,449956
150,451053
151,451058
152,453001
153,457822
154,457823
155,457824
156,457825
157,457828
158,457830
159,457831
160,457843
161,457844
162,457846
163,457847
164,457855
165,457856
166,457859
167,457860
168,457861
169,457862
170,458003
171,459253
172,459258
173,460157
174,460158
175,460159
176,460506
177,461311
178,461333
179,461336
180,461339
181,461341
182,461345
183,461359
184,461363
185,461364
186,461365
187,461366
188,461372
189,461373
190,461377
191,461382
192,461383
193,461384
194,461585
195,461591
196,461600
197,462255
198,462259
199,462260
200,464161
201,464165
202,464166
203,464169
204,464170
205,464171
206,464172
207,464175
208,464176
209,464177
210,464178
211,464341
212,306980
213,331724
214,331729
215,337594
216,337601
217,338183
218,338230
219,343969
220,396577
221,404027
222,404029
223,406582
224,413916
225,413919
226,413926
227,429637
228,452126
229,452127
230,452128
231,102273
232,102803
233,102810
234,103610
235,103634
236,103635
237,103636
238,103643
239,103647
240,103656
241,103711
242,103714
243,103728
244,103856
245,103887
246,103907
247,103927
248,104008
249,104014
250,104036
251,104303
252,104306
253,104308
254,104484
255,104486
256,104507
257,104509
258,105049
259,105056
260,105058
261,105060
262,105290
263,126170
264,126171
265,126178
266,126257
267,128588
268,129380
269,129813
270,129835
271,129868
272,130207
273,130215
274,130226
275,130228
276,130235
277,130273
278,130307
279,130630
280,130721
281,130734
282,130735
283,130888
284,130953
285,130960
286,130990
287,304799
288,306871
289,306968
290,306970
291,307078
292,308399
293,308404
294,333495
295,333622
296,334159
297,335022
298,335024
299,335060
300,335078
301,335106
302,335201
303,335205
304,335384
305,335388
306,335394
307,335428
308,335452
309,335454
310,335456
311,335458
312,335462
313,335464
314,335466
315,335470
316,335964
317,336036
318,337857
319,337873
320,337887
321,337888
322,338525
323,338867
324,338875
325,338902
326,338905
327,339509
328,339661
329,339783
330,339971
331,339981
332,340004
333,340056
334,340173
335,340199
336,340203
337,340290
338,340382
339,340405
340,340703
341,340707
342,340717
343,341009
344,341424
345,341425
346,341639
347,343235
348,343900
349,343911
350,344175
351,344337
352,344375
353,344443
354,344475
355,344478
356,344481
357,344508
358,344546
359,344548
360,344550
361,344620
362,344658
363,344791
364,344862
365,344885
366,344984
367,344992
368,345002
369,345004
370,345241
371,345244
372,345250
373,345318
374,345342
375,345348
376,345351
377,345355
378,345380
379,345385
380,359135
381,359139
382,359144
383,359147
384,359383
385,359397
386,359415
387,359420
388,359438
389,359643
390,359649
391,359668
392,359680
393,359684
394,359686
395,359687
396,359693
397,359703
398,359718
399,359736
400,359742
401,359788
402,359816
403,359826
404,359831
405,359839
406,359863
407,359866
408,359875
409,359908
410,359915
411,359940
412,359961
413,361087
414,361143
415,361150
416,361214
417,361326
418,363317
419,363459
420,363529
421,363531
422,363535
423,364128
424,364884
425,364891
426,364893
427,364899
428,364901
429,364910
430,364980
431,364983
432,364986
433,364988
434,364993
435,364996
436,365000
437,365032
438,365035
439,365038
440,365046
441,365053
442,365057
443,365274
444,366928
445,366941
446,367005
447,367010
448,367023
449,367101
450,367335
451,367383
452,367385
453,367392
454,367714
455,368129
456,368143
457,368350
458,368424
459,369381
460,369399
461,370537
462,370936
463,370945
464,370966
465,371428
466,371433
467,371436
468,371448
469,371457
470,371460
471,371464
472,371470
473,371853
474,371942
475,372598
476,372647
477,373164
478,374432
479,374438
480,374497
481,374498
482,374499
483,374502
484,374528
485,374531
486,374532
487,374540
488,374563
489,374658
490,374661
491,374663
492,374664
493,374985
494,375006
495,375044
496,375046
497,375386
498,375401
499,375421
500,375429
501,375595
502,375601
503,375608
504,375619
505,375683
506,375814
507,375823
508,376017
509,376020
510,376037
511,376045
512,376059
513,376061
514,376069
515,376085
516,376634
517,376723
518,376752
519,377378
520,377379
521,377679
522,380145
523,380170
524,381956
525,382292
526,382356
527,383356
528,383488
529,383624
530,383640
531,384905
532,386797
533,386866
534,387064
535,387073
536,387092
537,387443
538,387452
539,387453
540,387455
541,387456
542,387465
543,387466
544,387467
545,387468
546,388256
547,388258
548,388259
549,388260
550,388393
551,388394
552,388395
553,388396
554,388398
555,388399
556,388401
557,388402
558,388403
559,388404
560,388405
561,388406
562,388420
563,390848
564,390855
565,392789
566,392791
567,392799
568,392804
569,392809
570,392821
571,392835
572,392878
573,392888
574,392893
575,392918
576,392962
577,392992
578,393261
579,393281
580,393282
581,393294
582,393296
583,397420
584,398812
585,398817
586,398818
587,398819
588,398831
589,398832
590,398835
591,398836
592,400473
593,400627
594,400629
595,400636
596,400638
597,400640
598,400641
599,400642
600,402998
601,403012
602,403046
603,403048
604,404032
605,404911
606,405037
607,405357
608,406473
609,406515
610,406517
611,408416
612,412489
613,412703
614,413343
615,413412
616,413419
617,413421
618,413422
619,413482
620,413484
621,413505
622,413509
623,413690
624,413791
625,413938
626,413947
627,413985
628,414036
629,414043
630,414054
631,414164
632,414170
633,414173
634,417804
635,417828
636,417834
637,417998
638,418000
639,419169
640,419171
641,419175
642,419180
643,419190
644,419194
645,419196
646,419214
647,419220
648,419227
649,419228
650,419232
651,419233
652,419239
653,419258
654,419259
655,419261
656,419262
657,419264
658,419269
659,419282
660,419285
661,419300
662,422274
663,422275
664,424740
665,440971
666,441001
667,441003
668,441010
669,441035
670,441040
671,441044
672,441048
673,441056
674,441212
675,441229
676,445475
677,451114
678,451151
679,451162
680,451191
681,451194
682,451579
683,451591
684,451646
685,451772
686,451773
687,451774
688,451805
689,451806
690,451807
691,451808
692,451809
693,451870
694,451874
695,451875
696,452092
697,452095
698,452105
699,452109
700,452110
701,452111
702,452116
703,453533
704,453534
705,453535
706,453537
707,454282
708,455879
709,456738
710,456739
711,456859
712,458032
713,105401
714,105410
715,105426
716,105500
717,105501
718,105509
719,105709
720,106015
721,106392
722,106408
723,106421
724,106423
725,106451
726,106455
727,106490
728,106998
729,106999
730,107030
731,107050
732,107066
733,107096
734,107106
735,107132
736,107139
737,107707
738,107711
739,107757
740,107779
741,107782
742,107785
743,107788
744,107789
745,107793
746,107794
747,107796
748,107797
749,107801
750,107805
751,107806
752,107808
753,107809
754,107810
755,107812
756,107813
757,107956
758,108217
759,108226
760,108252
761,108265
762,108286
763,108309
764,108351
765,108420
766,108437
767,108438
768,108439
769,108446
770,108458
771,108460
772,108505
773,108506
774,108519
775,108527
776,108532
777,108534
778,108553
779,108571
780,108623
781,109030
782,109048
783,109055
784,109100
785,109108
786,109124
787,109603
788,109637
789,109654
790,109679
791,109681
792,109684
793,109707
794,109733
795,109975
796,110713
797,110719
798,110721
799,110724
800,110730
801,110739
802,110747
803,110889
804,111061
805,111068
806,111070
807,111232
808,111893
809,112284
810,112298
811,112303
812,112308
813,112317
814,112320
815,112330
816,112342
817,112522
818,112524
819,112612
820,112806
821,126482
822,126633
823,126753
824,126770
825,126791
826,126816
827,126822
828,126850
829,126900
830,126913
831,126914
832,127251
833,127256
834,127258
835,127261
836,128675
837,128699
838,129766
839,129767
840,129789
841,129890
842,129935
843,129936
844,304403
845,304780
846,306179
847,306693
848,309315
849,309562
850,331457
851,331460
852,331749
853,335663
854,335669
855,335760
856,336021
857,337690
858,338172
859,338367
860,338370
861,338372
862,338378
863,338801
864,340106
865,340286
866,340328
867,340486
868,342748
869,342750
870,342770
871,342779
872,342793
873,343012
874,343688
875,343701
876,343702
877,364774
878,364777
879,364784
880,364786
881,364796
882,364797
883,365237
884,367391
885,371183
886,371196
887,371333
888,371342
889,371386
890,371618
891,371664
892,371821
893,371851
894,371909
895,372276
896,372880
897,372960
898,372969
899,373147
900,373246
901,376076
902,376770
903,377002
904,379670
905,382360
906,383852
907,385441
908,385442
909,387060
910,387496
911,387500
912,387501
913,387502
914,387503
915,387504
916,387505
917,387506
918,387601
919,387602
920,387603
921,387605
922,388275
923,390736
924,397025
925,397125
926,397126
927,397128
928,397130
929,397963
930,398034
931,398816
932,403199
933,403215
934,403217
935,403219
936,404169
937,404962
938,405361
939,405557
940,405568
941,405574
942,405707
943,405724
944,405936
945,406265
946,406537
947,408402
948,409272
949,409273
950,414055
951,414157
952,417985
953,417995
954,418136
955,418137
956,418489
957,418491
958,418494
959,418498
960,418622
961,418657
962,418666
963,418670
964,418674
965,418704
966,418705
967,418708
968,418711
969,418713
970,418759
971,418761
972,418779
973,418828
974,419928
975,421099
976,422770
977,422779
978,425845
979,428397
980,428446
981,435044
982,439953
983,439981
984,441460
985,445606
986,445748
987,445758
988,447109
989,447995
990,448005
991,449935
992,451780
993,451811
994,451897
995,452030
996,452071
997,452072
998,453063
999,454138
1000,454466
1001,456211
1002,456241
1003,456653
1004,456656
1005,456820
1006,458106
1007,460786
1008,461026
1009,464405
1010,464407
1011,113014
1012,113015
1013,113031
1014,113034
1015,113077
1016,113080
1017,113242
1018,113418
1019,128801
1020,377019
1021,385075
1022,387492
1023,419818
1024,113810
1025,113829
1026,113945
1027,128848
1028,128849
1029,331454
1030,331455
1031,339479
1032,404751
1033,410419
1034,452103
1035,114033
1036,129814
1037,129877
1038,130321
1039,130324
1040,130969
1041,306964
1042,335088
1043,341223
1044,341909
1045,359999
1046,371811
1047,406151
1048,441314
1049,452115
1050,304834
1051,340304
1052,343862
1053,381740
1054,387618
1055,387621
1056,387622
1057,388056
1058,396561
1059,396678
1060,397044
1061,397904
1062,406750
1063,416136
1064,416140
1065,416164
1066,418191
1067,418201
1068,418950
1069,445564
1070,445575
1071,445581
1072,445593
1073,445597
1074,445813
1075,445818
1076,445869
1077,448040
1078,450128
1079,452070
1080,464400
1081,464403
1082,116143
1083,116175
1084,116211
1085,116219
1086,116236
1087,116256
1088,120303
1089,120343
1090,120383
1091,120449
1092,120494
1093,121002
1094,121173
1095,121183
1096,122004
1097,122176
1098,122320
1099,122833
1100,122939
1101,122943
1102,123005
1103,123039
1104,123162
1105,127746
1106,127762
1107,127771
1108,129726
1109,130312
1110,130700
1111,130705
1112,130957
1113,130958
1114,131001
1115,131003
1116,131010
1117,131022
1118,131025
1119,131127
1120,337117
1121,337544
1122,337559
1123,337563
1124,337771
1125,337963
1126,337967
1127,338080
1128,338462
1129,338464
1130,338533
1131,338554
1132,338556
1133,338648
1134,338672
1135,341299
1136,341435
1137,341659
1138,341687
1139,341715
1140,342034
1141,342813
1142,342814
1143,343042
1144,343062
1145,343225
1146,344133
1147,363328
1148,363329
1149,363335
1150,363602
1151,364155
1152,364157
1153,364162
1154,364239
1155,364243
1156,364278
1157,364280
1158,364296
1159,364300
1160,364306
1161,364308
1162,364316
1163,364340
1164,364349
1165,364409
1166,364431
1167,364440
1168,369065
1169,371486
1170,371490
1171,371497
1172,371638
1173,371647
1174,371727
1175,371736
1176,376167
1177,376169
1178,376171
1179,376459
1180,376547
1181,376548
1182,376955
1183,376956
1184,376958
1185,376961
1186,389710
1187,394128
1188,394133
1189,394134
1190,394140
1191,400402
1192,400406
1193,409815
1194,410205
1195,410301
1196,427302
1197,427313
1198,427321
1199,427323
1200,427324
1201,453464
1202,124944
1203,340170
1204,363508
1205,367362
1206,372163
1207,404172
1208,404173
1209,417866
1210,456654
1211,125167
1212,125248
1213,125249
1214,125250
1215,125251
1216,125345
1217,125380
1218,125763
1219,125766
1220,128383
1221,128509
1222,129037
1223,129378
1224,129769
1225,129770
1226,129771
1227,129836
1228,129878
1229,130811
1230,130851
1231,130867
1232,130925
1233,130992
1234,130997
1235,130999
1236,306685
1237,306737
1238,306934
1239,306936
1240,306954
1241,331408
1242,331748
1243,333492
1244,335002
1245,342720
1246,359998
1247,361340
1248,363548
1249,365292
1250,365302
1251,371852
1252,371946
1253,371949
1254,372113
1255,372154
1256,372165
1257,372696
1258,373312
1259,376026
1260,376766
1261,376977
1262,376978
1263,383593
1264,387065
1265,388261
1266,388575
1267,392845
1268,392955
1269,393258
1270,395468
1271,397401
1272,403011
1273,403054
1274,403055
1275,403424
1276,406153
1277,406579
1278,406581
1279,409980
1280,413162
1281,414053
1282,416103
1283,419639
1284,424376
1285,424381
1286,426911
1287,426912
1288,435041
1289,440916
1290,441240
1291,441243
1292,441315
1293,441316
1294,452122
1295,452124
1296,453438
1297,453444
1298,453446
1299,453450
1300,453451
1301,453523
1302,453524
1303,453538
1304,453553
1305,453559
1306,453563
1307,455304
1308,464406
1309,129494
1310,129528
1311,129604
1312,129610
1313,129614
1314,129615
1315,129625
1316,129630
1317,129632
1318,129635
1319,129636
1320,129639
1321,129687
1322,129945
1323,129946
1324,129947
1325,129964
1326,129966
1327,129968
1328,129979
1329,129985
1330,129988
1331,129989
1332,129996
1333,131137
1334,131139
1335,364835
1336,373122
1337,377151
1338,381754
1339,381757
1340,383682
1341,384629
1342,385768
1343,407324
1344,424821
1345,424877
1346,424878
1347,459504
1348,463337
1349,463338
1350,465823
1351,465824
1352,465825
1353,465850
1354,466290
1355,466293
1356,132841
1357,133678
1358,133691
1359,133693
1360,133715
1361,133800
1362,134923
1363,134933
1364,134940
1365,134941
1366,135002
1367,135020
1368,135062
1369,309237
1370,309244
1371,328420
1372,339303
1373,339610
1374,339624
1375,339643
1376,339664
1377,342971
1378,343217
1379,343245
1380,343484
1381,343518
1382,343551
1383,343661
1384,343699
1385,371255
1386,371438
1387,377772
1388,377774
1389,381658
1390,381660
1391,382421
1392,382425
1393,382430
1394,392728
1395,392729
1396,396267
1397,397043
1398,397096
1399,400496
1400,400507
1401,400508
1402,400510
1403,400512
1404,400513
1405,400526
1406,400527
1407,400528
1408,400529
1409,400531
1410,400532
1411,400608
1412,400611
1413,400618
1414,400864
1415,404913
1416,404946
1417,406155
1418,406201
1419,406212
1420,406218
1421,416426
1422,419641
1423,423082
1424,435035
1425,436022
1426,437691
1427,440203
1428,448368
1429,448372
1430,448374
1431,448376
1432,448380
1433,448386
1434,448388
1435,448392
1436,448394
1437,460133
1438,460148
1439,460150
1440,460151
1441,460152
1442,460569
1443,460633
1444,463064
1445,463339
1446,463340
1447,463341
1448,463342
1449,463343
1450,463349
1451,463416
1452,137212
1453,222868
1454,222870
1455,222873
1456,338260
1457,338262
1458,343965
1459,343971
1460,344036
1461,344052
1462,344076
1463,344086
1464,344101
1465,344128
1466,344220
1467,365413
1468,372526
1469,372543
1470,381688
1471,381692
1472,382919
1473,388062
1474,388224
1475,388234
1476,388248
1477,388252
1478,390040
1479,399031
1480,400533
1481,400534
1482,400535
1483,400536
1484,400537
1485,406300
1486,413899
1487,417657
1488,419634
1489,419635
1490,419636
1491,419637
1492,430420
1493,446542
1494,463392
1495,463413
1496,463415
1497,463436
1498,138271
1499,138284
1500,138582
1501,138791
1502,138874
1503,138913
1504,138928
1505,139102
1506,139249
1507,139328
1508,201007
1509,201008
1510,201011
1511,201013
1512,201020
1513,201022
1514,308141
1515,309540
1516,336776
1517,337955
1518,338003
1519,339965
1520,343849
1521,343865
1522,343952
1523,343961
1524,344200
1525,344298
1526,344304
1527,359405
1528,365729
1529,377777
1530,377797
1531,384755
1532,384757
1533,384759
1534,384761
1535,384763
1536,384765
1537,384767
1538,388221
1539,397104
1540,400541
1541,400542
1542,400543
1543,406204
1544,406829
1545,407751
1546,407752
1547,412706
1548,412711
1549,419643
1550,419647
1551,420600
1552,420680
1553,420711
1554,422649
1555,422651
1556,422652
1557,422654
1558,426155
1559,426156
1560,426158
1561,426159
1562,426160
1563,435861
1564,448400
1565,448596
1566,450931
1567,450932
1568,450937
1569,450971
1570,450994
1571,460871
1572,463065
1573,463066
1574,463344
1575,463345
1576,463350
1577,463351
1578,463352
1579,463384
1580,463391
1581,463393
1582,463396
1583,463397
1584,463399
1585,463431
1586,463433
1587,463565
1588,464303
1589,303468
1590,303483
1591,303486
1592,303534
1593,307369
1594,328312
1595,328313
1596,335801
1597,335818
1598,335831
1599,335832
1600,336263
1601,336266
1602,336267
1603,336345
1604,336356
1605,336738
1606,336749
1607,336927
1608,336945
1609,337065
1610,337068
1611,338015
1612,338500
1613,338645
1614,338768
1615,338788
1616,338880
1617,338912
1618,339143
1619,339540
1620,339550
1621,339557
1622,339899
1623,341491
1624,341538
1625,341603
1626,341634
1627,341638
1628,341645
1629,341650
1630,341653
1631,341662
1632,341698
1633,341723
1634,344929
1635,344986
1636,364698
1637,365456
1638,366252
1639,367706
1640,384729
1641,384731
1642,384738
1643,384740
1644,386431
1645,390679
1646,390687
1647,390774
1648,390778
1649,390779
1650,390783
1651,390785
1652,395474
1653,395487
1654,400431
1655,409084
1656,430468
1657,430480
1658,460986
1659,463685
1660,148402
1661,148404
1662,148479
1663,336337
1664,336560
1665,336563
1666,336593
1667,336598
1668,338469
1669,339322
1670,342704
1671,342733
1672,342735
1673,342775
1674,342781
1675,375008
1676,375013
1677,375015
1678,375029
1679,384583
1680,384585
1681,385771
1682,388917
1683,388919
1684,397699
1685,397726
1686,397868
1687,404307
1688,404682
1689,404685
1690,405185
1691,460667
1692,460703
1693,463395
1694,463398
1695,463403
1696,463407
1697,463409
1698,149184
1699,201225
1700,201229
1701,369677
1702,378522
1703,149470
1704,149514
1705,149543
1706,149548
1707,149579
1708,149590
1709,201260
1710,333030
1711,363600
1712,364742
1713,373372
1714,384574
1715,405968
1716,460799
1717,150040
1718,150041
1719,150045
1720,150047
1721,150048
1722,151293
1723,151294
1724,151296
1725,151302
1726,151309
1727,151311
1728,151316
1729,151806
1730,151982
1731,151983
1732,151984
1733,151985
1734,151987
1735,151989
1736,151990
1737,151991
1738,151995
1739,151997
1740,151998
1741,151999
1742,152000
1743,152005
1744,152007
1745,152008
1746,152011
1747,152029
1748,152034
1749,152753
1750,152754
1751,152872
1752,153300
1753,153303
1754,153305
1755,153324
1756,153332
1757,153340
1758,153349
1759,153376
1760,153379
1761,153479
1762,201312
1763,201313
1764,201413
1765,201465
1766,201504
1767,201529
1768,302566
1769,302572
1770,303401
1771,304101
1772,305520
1773,307513
1774,307525
1775,307533
1776,308024
1777,308027
1778,308032
1779,308042
1780,308045
1781,308047
1782,328826
1783,328836
1784,335532
1785,337016
1786,337020
1787,339628
1788,340481
1789,340482
1790,340493
1791,340494
1792,340497
1793,340498
1794,340500
1795,341348
1796,341361
1797,341374
1798,341380
1799,343234
1800,343254
1801,384746
1802,384751
1803,386470
1804,386474
1805,386477
1806,386499
1807,390034
1808,401012
1809,406210
1810,413300
1811,413302
1812,413304
1813,416040
1814,418196
1815,418198
1816,418239
1817,421086
1818,425705
1819,425721
1820,425732
1821,425734
1822,425736
1823,425738
1824,435139
1825,435203
1826,458986
1827,459037
1828,153937
1829,153941
1830,153961
1831,154038
1832,154174
1833,154188
1834,154189
1835,154193
1836,154252
1837,154262
1838,154288
1839,154887
1840,154900
1841,154931
1842,201569
1843,201570
1844,201604
1845,201605
1846,335849
1847,376173
1848,376998
1849,377338
1850,377361
1851,383159
1852,387627
1853,407215
1854,456732
1855,456818
1856,456851
1857,456890
1858,155047
1859,155052
1860,155254
1861,155261
1862,155262
1863,155265
1864,155407
1865,155413
1866,155433
1867,155434
1868,155435
1869,155440
1870,155441
1871,155442
1872,155512
1873,155608
1874,201644
1875,201645
1876,303452
1877,304098
1878,305306
1879,307407
1880,307417
1881,308945
1882,308946
1883,328818
1884,328820
1885,328823
1886,333835
1887,333841
1888,333893
1889,333913
1890,334004
1891,337102
1892,337104
1893,364771
1894,364776
1895,366154
1896,369690
1897,390910
1898,401006
1899,413274
1900,416102
1901,422397
1902,425281
1903,425314
1904,435218
1905,437263
1906,452560
1907,459110
1908,459124
1909,459130
1910,459132
1911,459133
1912,459134
1913,463438
1914,155808
1915,155809
1916,155835
1917,156207
1918,156222
1919,156312
1920,156314
1921,156315
1922,156318
1923,156324
1924,156325
1925,156327
1926,156328
1927,156331
1928,156332
1929,156334
1930,156345
1931,156346
1932,156348
1933,156350
1934,156357
1935,156360
1936,156364
1937,156376
1938,156379
1939,156387
1940,156395
1941,156405
1942,156406
1943,156408
1944,156409
1945,156419
1946,156630
1947,156706
1948,156738
1949,156742
1950,156746
1951,156748
1952,156752
1953,156771
1954,201695
1955,201714
1956,302776
1957,303487
1958,303507
1959,303747
1960,307086
1961,307088
1962,335582
1963,335584
1964,336133
1965,336142
1966,337663
1967,339386
1968,340403
1969,340429
1970,343537
1971,364789
1972,364802
1973,364803
1974,364812
1975,364817
1976,366017
1977,366023
1978,367994
1979,367995
1980,369073
1981,369076
1982,395292
1983,404994
1984,405001
1985,405002
1986,405003
1987,405004
1988,405038
1989,423894
1990,424332
1991,424525
1992,424777
1993,425188
1994,425216
1995,425218
1996,425225
1997,426154
1998,452689
1999,459041
2000,341478
2001,393440
2002,393726
2003,396954
2004,396957
2005,396959
2006,396960
2007,400100
2008,405044
2009,405340
2010,406444
2011,409639
2012,410034
2013,413941
2014,418997
2015,420007
2016,420077
2017,421860
2018,434131
2019,439931
2020,440844
2021,440864
2022,446120
2023,446169
2024,446249
2025,446250
2026,446252
2027,447489
2028,447498
2029,447499
2030,447500
2031,447848
2032,455260
2033,456425
2034,456487
2035,456640
2036,456715
2037,456722
2038,456723
2039,456733
2040,307012
2041,307637
2042,307643
2043,307646
2044,307664
2045,307724
2046,307842
2047,307851
2048,307864
2049,307905
2050,307914
2051,307972
2052,308692
2053,336000
2054,336149
2055,339212
2056,364767
2057,372553
2058,381467
2059,381469
2060,381498
2061,390450
2062,391258
2063,391617
2064,393511
2065,394229
2066,394529
2067,397917
2068,404301
2069,406314
2070,414105
2071,414126
2072,419971
2073,419973
2074,420327
2075,420331
2076,421523
2077,421528
2078,421609
2079,423910
2080,424736
2081,425847
2082,425850
2083,435029
2084,443469
2085,446451
2086,446454
2087,446505
2088,446533
2089,446535
2090,447903
2091,449337
2092,449385
2093,449391
2094,450989
2095,453003
2096,453007
2097,458267
2098,458270
2099,458285
2100,458309
2101,459606
2102,463353
2103,463372
2104,463373
2105,463453
2106,464306
2107,464307
2108,464344
2109,464351
2110,465230
2111,465238
2112,465264
2113,465265
2114,167586
2115,167595
2116,168566
2117,168573
2118,168574
2119,168576
2120,168578
2121,168581
2122,168584
2123,168585
2124,168590
2125,168594
2126,168595
2127,168608
2128,168622
2129,168630
2130,168632
2131,168812
2132,168813
2133,168815
2134,168816
2135,168817
2136,168836
2137,168842
2138,168855
2139,168860
2140,168870
2141,168883
2142,169043
2143,169052
2144,169056
2145,169057
2146,169226
2147,169228
2148,169231
2149,169240
2150,169247
2151,169257
2152,169266
2153,169381
2154,203571
2155,203654
2156,203659
2157,203845
2158,203846
2159,203848
2160,203853
2161,203885
2162,203887
2163,303669
2164,306920
2165,307063
2166,328456
2167,329228
2168,329232
2169,334067
2170,334799
2171,336954
2172,336965
2173,336971
2174,336975
2175,336979
2176,336980
2177,336996
2178,336997
2179,336999
2180,337008
2181,337011
2182,338380
2183,339210
2184,339669
2185,339677
2186,339691
2187,340566
2188,340575
2189,343216
2190,364252
2191,364259
2192,364266
2193,364288
2194,364530
2195,364860
2196,365748
2197,368230
2198,382438
2199,397402
2200,409502
2201,413268
2202,413986
2203,414052
2204,417736
2205,417747
2206,417769
2207,417785
2208,417915
2209,417916
2210,422647
2211,424060
2212,424114
2213,424587
2214,425341
2215,425363
2216,425652
2217,426164
2218,426907
2219,440332
2220,459070
2221,459072
2222,459074
2223,459076
2224,459090
2225,459094
2226,459096
2227,459098
2228,459100
2229,169750
2230,170336
2231,170344
2232,170424
2233,170566
2234,171075
2235,171100
2236,171105
2237,171107
2238,171195
2239,171203
2240,171210
2241,171214
2242,171216
2243,171223
2244,171231
2245,171241
2246,171256
2247,171291
2248,171640
2249,171644
2250,172186
2251,172970
2252,172976
2253,172984
2254,173084
2255,203977
2256,303454
2257,303509
2258,337005
2259,344402
2260,344410
2261,344417
2262,344425
2263,365461
2264,366223
2265,367607
2266,372584
2267,390275
2268,390295
2269,391615
2270,391624
2271,391632
2272,391633
2273,397114
2274,409077
2275,418122
2276,421081
2277,430221
2278,430244
2279,173243
2280,173490
2281,173658
2282,174701
2283,174729
2284,364636
2285,381681
2286,387619
2287,393634
2288,416442
2289,417993
2290,421789
2291,421823
2292,426885
2293,426887
2294,440616
2295,441488
2296,452060
2297,455294
2298,456876
2299,460212
2300,175237
2301,175264
2302,175265
2303,175376
2304,175395
2305,175405
2306,175564
2307,175577
2308,175583
2309,175586
2310,175588
2311,175628
2312,175701
2313,175716
2314,175723
2315,175918
2316,176047
2317,176137
2318,204181
2319,204189
2320,335677
2321,342773
2322,362070
2323,375804
2324,377382
2325,383784
2326,387544
2327,387569
2328,387571
2329,388276
2330,390003
2331,397129
2332,398814
2333,398815
2334,403000
2335,403002
2336,405941
2337,406460
2338,406563
2339,417991
2340,424487
2341,440088
2342,441116
2343,441339
2344,441348
2345,441351
2346,441461
2347,452096
2348,455161
2349,456395
2350,176765
2351,176766
2352,176796
2353,176998
2354,176999
2355,177000
2356,177013
2357,177015
2358,177016
2359,177018
2360,177021
2361,177022
2362,177033
2363,177040
2364,177109
2365,177111
2366,177126
2367,177128
2368,177142
2369,177174
2370,204275
2371,204278
2372,302613
2373,303450
2374,308101
2375,308103
2376,308105
2377,328241
2378,328448
2379,328451
2380,334155
2381,336423
2382,336465
2383,337088
2384,337753
2385,338001
2386,338076
2387,344464
2388,364706
2389,364711
2390,364717
2391,364737
2392,365744
2393,367012
2394,391594
2395,421074
2396,425853
2397,425854
2398,446557
2399,452559
2400,459043
2401,459045
2402,459047
2403,459049
2404,459052
2405,459056
2406,459107
2407,460487
2408,177957
2409,178073
2410,178093
2411,371864
2412,433223
2413,182269
2414,334287
2415,334299
2416,339049
2417,339057
2418,339058
2419,339067
2420,339069
2421,339072
2422,339077
2423,339081
2424,339092
2425,339097
2426,339784
2427,339877
2428,340626
2429,375433
2430,375435
2431,388278
2432,388279
2433,388281
2434,389376
2435,395263
2436,396738
2437,397406
2438,405102
2439,405108
2440,413463
2441,445476
2442,451645
2443,407235
2444,418452
2445,183477
2446,183482
2447,183498
2448,393996
2449,308753
2450,308756
2451,308758
2452,329253
2453,329256
2454,329260
2455,329266
2456,329271
2457,329276
2458,329578
2459,329581
2460,329585
2461,334353
2462,334360
2463,360459
2464,360474
2465,336380
2466,374949
2467,386508
2468,386511
2469,388356
2470,388391
2471,388400
2472,389095
2473,389096
2474,389097
2475,389098
2476,389100
2477,389135
2478,389262
2479,389263
2480,389267
2481,389270
2482,396250
2483,418906
2484,418932
2485,418940
2486,418998
2487,418999
2488,419216
2489,421272
2490,421377
2491,421421
2492,421654
2493,431931
2494,437858
2495,437860
2496,437861
2497,437864
2498,437865
2499,456899
2500,457826
2501,457829
2502,457849
2503,457850
2504,460155
2505,338576
2506,338599
2507,338603
2508,338607
2509,339425
2510,339633
2511,339634
2512,340651
2513,340656
2514,371809
2515,390004
2516,390010
2517,308454
2518,308458
2519,333472
2520,365013
2521,365042
2522,366271
2523,383495
2524,386836
2525,190270
2526,190277
2527,190283
2528,190806
2529,308223
2530,333917
2531,334204
2532,336305
2533,336314
2534,336448
2535,340517
2536,364831
2537,364865
2538,364886
2539,372972
2540,383713
2541,384465
2542,384481
2543,396944
2544,396955
2545,405951
2546,416660
2547,416672
2548,416673
2549,191605
2550,191606
2551,191608
2552,191622
2553,191626
2554,191628
2555,191660
2556,191670
2557,191677
2558,191680
2559,191686
2560,191703
2561,304931
2562,305906
2563,305909
2564,335639
2565,338706
2566,343968
2567,343970
2568,344055
2569,344068
2570,363308
2571,364456
2572,364818
2573,364826
2574,370597
2575,371691
2576,371699
2577,371703
2578,371823
2579,371825
2580,371840
2581,371981
2582,372124
2583,372190
2584,373305
2585,383566
2586,387495
2587,388379
2588,390808
2589,391378
2590,396985
2591,397000
2592,397447
2593,399558
2594,409689
2595,410012
2596,413402
2597,416104
2598,417707
2599,419978
2600,424748
2601,430239
2602,439550
2603,439571
2604,439576
2605,439577
2606,439578
2607,439929
2608,439930
2609,439936
2610,439939
2611,439950
2612,439955
2613,439957
2614,439959
2615,439961
2616,445608
2617,452129
2618,455675
2619,455684
2620,455695
2621,455718
2622,455720
2623,455730
2624,455739
2625,455752
2626,455762
2627,455809
2628,460234
2629,328348
2630,333032
2631,333034
2632,377390
2633,388290
2634,392875
2635,395273
2636,397370
2637,402999
2638,403001
2639,403057
2640,403733
2641,419976
2642,427418
2643,427419
2644,454718
2645,455286
2646,304128
2647,451827
2648,451838
2649,451852
2650,451855
2651,452068
2652,417814
2653,426167
2654,209801
2655,209807
2656,209818
2657,209823
2658,209825
2659,209831
2660,209836
2661,209858
2662,209859
2663,209983
2664,413345
2665,413349
2666,413353
2667,413366
2668,413380
2669,413383
2670,413700
2671,413782
2672,413783
2673,413784
2674,413785
2675,413788
2676,413789
2677,413790
2678,413882
2679,413884
2680,417862
2681,417931
2682,419907
2683,419916
2684,421221
2685,462167
2686,308970
2687,308975
2688,375027
2689,392625
2690,338502
2691,338195
2692,338200
2693,338212
2694,344785
2695,365371
2696,365376
2697,373150
2698,373152
2699,303699
2700,343557
2701,405045
2702,412522
2703,413260
2704,416127
2705,416452
2706,416453
2707,455453
2708,458997
2709,218357
2710,218468
2711,218470
2712,218471
2713,218474
2714,218475
2715,218477
2716,218489
2717,218492
2718,218496
2719,218498
2720,218499
2721,218508
2722,218512
2723,218523
2724,218534
2725,218557
2726,218564
2727,218570
2728,218579
2729,218675
2730,218728
2731,218771
2732,218908
2733,218940
2734,219234
2735,219310
2736,336674
2737,339149
2738,344985
2739,345005
2740,345039
2741,370859
2742,370889
2743,370898
2744,370946
2745,370998
2746,371075
2747,371130
2748,371163
2749,371231
2750,371239
2751,371249
2752,371265
2753,371271
2754,371307
2755,371311
2756,371323
2757,371352
2758,371358
2759,371362
2760,371366
2761,371372
2762,371377
2763,384566
2764,384599
2765,384670
2766,397009
2767,405432
2768,405473
2769,405754
2770,405948
2771,405957
2772,405965
2773,418540
2774,418546
2775,418555
2776,418640
2777,418696
2778,418699
2779,418702
2780,418706
2781,418816
2782,463608
2783,463609
2784,463610
2785,219696
2786,219930
2787,219933
2788,219938
2789,219958
2790,219976
2791,219979
2792,219994
2793,220007
2794,336687
2795,336703
2796,336706
2797,359664
2798,220236
2799,220237
2800,220238
2801,220240
2802,220243
2803,220248
2804,220250
2805,220253
2806,220259
2807,220262
2808,220267
2809,220268
2810,220279
2811,308257
2812,308263
2813,414034
2814,310203
2815,308998
2816,392725
2817,397036
2818,397404
2819,416430
2820,417842
2821,418384
2822,425320
2823,425322
2824,425328
2825,425645
2826,430240
2827,437575
2828,459078
2829,305834
2830,223772
2831,223775
2832,223777
2833,223779
2834,223784
2835,223787
2836,223788
2837,223790
2838,223791
2839,223792
2840,223796
2841,223797
2842,223802
2843,223804
2844,223805
2845,223806
2846,223809
2847,223810
2848,223811
2849,223812
2850,223813
2851,223816
2852,223822
2853,223824
2854,223832
2855,223840
2856,224538
2857,224548
2858,224559
2859,224560
2860,224561
2861,224562
2862,224569
2863,224570
2864,224574
2865,224581
2866,224583
2867,224585
2868,224588
2869,224589
2870,224590
2871,224595
2872,224597
2873,224599
2874,224608
2875,224613
2876,224615
2877,224622
2878,224625
2879,224628
2880,224632
2881,224634
2882,224636
2883,224637
2884,224638
2885,224639
2886,224641
2887,224642
2888,224643
2889,224646
2890,224648
2891,224652
2892,224657
2893,224671
2894,224672
2895,224677
2896,224679
2897,224683
2898,224686
2899,224691
2900,224713
2901,224730
2902,224787
2903,224798
2904,302579
2905,302580
2906,303738
2907,303740
2908,304490
2909,305576
2910,305582
2911,307159
2912,307172
2913,307174
2914,307180
2915,307182
2916,307184
2917,307186
2918,307189
2919,307201
2920,307203
2921,307206
2922,307208
2923,307211
2924,328849
2925,328853
2926,328857
2927,331008
2928,333971
2929,335585
2930,336627
2931,337543
2932,337545
2933,337551
2934,337557
2935,339592
2936,340441
2937,343233
2938,365340
2939,365773
2940,368223
2941,369123
2942,369132
2943,372650
2944,382006
2945,386446
2946,386448
2947,401169
2948,402628
2949,412464
2950,412488
2951,416000
2952,416001
2953,418480
2954,418481
2955,418482
2956,422425
2957,425675
2958,435212
2959,452630
2960,458990
2961,458993
2962,458995
2963,458999
2964,459001
2965,459003
2966,459187
2967,459188
2968,460436
2969,463386
2970,463449
2971,226048
2972,226050
2973,226057
2974,226058
2975,226062
2976,226063
2977,226068
2978,226073
2979,307217
2980,424030
2981,424178
2982,424500
2983,302772
2984,305575
2985,414088
2986,307068
2987,304119
2988,379123
2989,401047
2990,413371
2991,307224
2992,335845
2993,335850
2994,458368
2995,458513
2996,458739
2997,458917
2998,458942
2999,458962
3000,302781
3001,306848
3002,306878
3003,343244
3004,343248
3005,343251
3006,413288
3007,413289
3008,413290
3009,413291
3010,418535
3011,437800
3012,437801
3013,439958
3014,439960
3015,443129
3016,446606
3017,446609
3018,458632
3019,458919
3020,458926
3021,458928
3022,458930
3023,458952
3024,458954
3025,458968
3026,458970
3027,458972
3028,458976
3029,458978
3030,458980
3031,458982
3032,465822
3033,465854
3034,465864
3035,336148
3036,395059
3037,397030
3038,423901
3039,424751
3040,458342
3041,458344
3042,458353
3043,458355
3044,458360
3045,458365
3046,458600
3047,458603
3048,458720
3049,458735
3050,458921
3051,458932
3052,458946
3053,458958
3054,458964
3055,458966
3056,305391
3057,307982
3058,309203
3059,329225
3060,340297
3061,340322
3062,439962
3063,459351
3064,467772
3065,467773
3066,467774
3067,467799
3068,467801
3069,467802
3070,467803
3071,467805
3072,467806
3073,467807
3074,467808
3075,235642
3076,340354
3077,236042
3078,425180
3079,328793
3080,328799
3081,330985
3082,336485
3083,336486
3084,359695
3085,364754
3086,372270
3087,401020
3088,418549
3089,445897
3090,445901
3091,445903
3092,445906
3093,450313
3094,463452
3095,336911
3096,336912
3097,340178
3098,343266
3099,302614
3100,329243
3101,329246
3102,341173
3103,372267
3104,241153
3105,241157
3106,241158
3107,305529
3108,307441
3109,373043
3110,392783
3111,392784
3112,413887
3113,425365
3114,452600
3115,459058
3116,459066
3117,241616
3118,241617
3119,241623
3120,302616
3121,304818
3122,304827
3123,335566
3124,340449
3125,340454
3126,340457
3127,340460
3128,340464
3129,365766
3130,372531
3131,412461
3132,450091
3133,459019
3134,242081
3135,303418
3136,328180
3137,343575
3138,368220
3139,413294
3140,425178
3141,458988
3142,459017
3143,459025
3144,460181
3145,463414
3146,463432
3147,307404
3148,336829
3149,336832
3150,425678
3151,302617
3152,334767
3153,360493
3154,441838
3155,242913
3156,242938
3157,339160
3158,414078
3159,244378
3160,244379
3161,244381
3162,244401
3163,244418
3164,244420
3165,302798
3166,304116
3167,304862
3168,304866
3169,304894
3170,304898
3171,305544
3172,305545
3173,307479
3174,307482
3175,307484
3176,307494
3177,307577
3178,307579
3179,307586
3180,308005
3181,308012
3182,308015
3183,309103
3184,328091
3185,328095
3186,328096
3187,328097
3188,328140
3189,328144
3190,328163
3191,328175
3192,328177
3193,335433
3194,335569
3195,335838
3196,335839
3197,335840
3198,337785
3199,337802
3200,340222
3201,340265
3202,340274
3203,341331
3204,345166
3205,366961
3206,369047
3207,369192
3208,373033
3209,382053
3210,386353
3211,396078
3212,396212
3213,401154
3214,413229
3215,413230
3216,413233
3217,413239
3218,424116
3219,424162
3220,425680
3221,425686
3222,435552
3223,437307
3224,459190
3225,463388
3226,463450
3227,303415
3228,308017
3229,342762
3230,343265
3231,365774
3232,411280
3233,411281
3234,411282
3235,411285
3236,411287
3237,411289
3238,382040
3239,302803
3240,340235
3241,340239
3242,340258
3243,372554
3244,372557
3245,404974
3246,413194
3247,413296
3248,459005
3249,459007
3250,460472
3251,468202
3252,247289
3253,247299
3254,247371
3255,247546
3256,247548
3257,247555
3258,247567
3259,247573
3260,247614
3261,247649
3262,305297
3263,305298
3264,305299
3265,305304
3266,305305
3267,308979
3268,309128
3269,309155
3270,309169
3271,309857
3272,309862
3273,328059
3274,333409
3275,333432
3276,335314
3277,336896
3278,337757
3279,337970
3280,339036
3281,340444
3282,340446
3283,341256
3284,341278
3285,401008
3286,416098
3287,418398
3288,425385
3289,425387
3290,425406
3291,425412
3292,452558
3293,459080
3294,459082
3295,459084
3296,459113
3297,459115
3298,459120
3299,459122
3300,459128
3301,460481
3302,302583
3303,303462
3304,305521
3305,305524
3306,307366
3307,309108
3308,309453
3309,328280
3310,330982
3311,333989
3312,333990
3313,334052
3314,334837
3315,335041
3316,335043
3317,335889
3318,337091
3319,337095
3320,337098
3321,337103
3322,337107
3323,337118
3324,337929
3325,337960
3326,338473
3327,341489
3328,364676
3329,369518
3330,404416
3331,413202
3332,451888
3333,459015
3334,248758
3335,249179
3336,249182
3337,249188
3338,249189
3339,249204
3340,249211
3341,302788
3342,303453
3343,303455
3344,304761
3345,304762
3346,304764
3347,304765
3348,304766
3349,304768
3350,305307
3351,305308
3352,305313
3353,310205
3354,334010
3355,334012
3356,334014
3357,336823
3358,337018
3359,337070
3360,337085
3361,337087
3362,339601
3363,340260
3364,341426
3365,366973
3366,386451
3367,390911
3368,412466
3369,413222
3370,413316
3371,416007
3372,416022
3373,416027
3374,416033
3375,416037
3376,416038
3377,446615
3378,452686
3379,459069
3380,460467
3381,463443
3382,308706
3383,334170
3384,341084
3385,365782
3386,463434
3387,309448
3388,328301
3389,336167
3390,336817
3391,336821
3392,340379
3393,343577
3394,373074
3395,413224
3396,413226
3397,413996
3398,425743
3399,328454
3400,446613
3401,302794
3402,310201
3403,340418
3404,340420
3405,343566
3406,416100
3407,425367
3408,425369
3409,425373
3410,435543
3411,459039
3412,459102
3413,459104
3414,403383
3415,252126
3416,252127
3417,252128
3418,252129
3419,252130
3420,252132
3421,252133
3422,252136
3423,252138
3424,252139
3425,252140
3426,252146
3427,252148
3428,252150
3429,252153
3430,252155
3431,252156
3432,252159
3433,252164
3434,252174
3435,252180
3436,252181
3437,303472
3438,303481
3439,303737
3440,303749
3441,304111
3442,304114
3443,307082
3444,307084
3445,307090
3446,308908
3447,309185
3448,327695
3449,328087
3450,333320
3451,333590
3452,334061
3453,334071
3454,334072
3455,334136
3456,335045
3457,335056
3458,335081
3459,336751
3460,336780
3461,336784
3462,336793
3463,336998
3464,337105
3465,337766
3466,338400
3467,338402
3468,338404
3469,338428
3470,339198
3471,339204
3472,339219
3473,339240
3474,339258
3475,339330
3476,339432
3477,339440
3478,341078
3479,343519
3480,365359
3481,365361
3482,366012
3483,369083
3484,374337
3485,374338
3486,374340
3487,382170
3488,382218
3489,382224
3490,382225
3491,382245
3492,382247
3493,382250
3494,386407
3495,397923
3496,413262
3497,413263
3498,414159
3499,415976
3500,415994
3501,415998
3502,458992
3503,463437
3504,253717
3505,253718
3506,253720
3507,253724
3508,253728
3509,253731
3510,253735
3511,253738
3512,253740
3513,253741
3514,253742
3515,253744
3516,253746
3517,253748
3518,253752
3519,253757
3520,253761
3521,253907
3522,303465
3523,303478
3524,306790
3525,307093
3526,307107
3527,309182
3528,329235
3529,329237
3530,333335
3531,335588
3532,336804
3533,336805
3534,337851
3535,338630
3536,339319
3537,339377
3538,339381
3539,339786
3540,339794
3541,339798
3542,340395
3543,340399
3544,341076
3545,343271
3546,343515
3547,366020
3548,366944
3549,367328
3550,368516
3551,369080
3552,369082
3553,369212
3554,372142
3555,372466
3556,372805
3557,372829
3558,372832
3559,383824
3560,386402
3561,386414
3562,390789
3563,393733
3564,393915
3565,404406
3566,412496
3567,413188
3568,414211
3569,414227
3570,415988
3571,415990
3572,418297
3573,418302
3574,424775
3575,424776
3576,437276
3577,459022
3578,459023
3579,459033
3580,460170
3581,254664
3582,254666
3583,254675
3584,254677
3585,254680
3586,254701
3587,254723
3588,254769
3589,397041
3590,404179
3591,424172
3592,463400
3593,463404
3594,463412
3595,255090
3596,255091
3597,255093
3598,255094
3599,255096
3600,255103
3601,255110
3602,255115
3603,255117
3604,255122
3605,255123
3606,255126
3607,255133
3608,255143
3609,255162
3610,255167
3611,255175
3612,255182
3613,255190
3614,304107
3615,307231
3616,328334
3617,328339
3618,328343
3619,331107
3620,331137
3621,331139
3622,333393
3623,333407
3624,335600
3625,336679
3626,336826
3627,336833
3628,336837
3629,336857
3630,336859
3631,336861
3632,336865
3633,336868
3634,336871
3635,336881
3636,341151
3637,341163
3638,344485
3639,366025
3640,367996
3641,368007
3642,368010
3643,368011
3644,368989
3645,369061
3646,369068
3647,373003
3648,377761
3649,401033
3650,410041
3651,416455
3652,416457
3653,417682
3654,424394
3655,424400
3656,424408
3657,425457
3658,425459
3659,435204
3660,459035
3661,463401
3662,463405
3663,463410
3664,463435
3665,255613
3666,255621
3667,255630
3668,255638
3669,255639
3670,255642
3671,255643
3672,255656
3673,255660
3674,255675
3675,255681
3676,307073
3677,307936
3678,335843
3679,336843
3680,336848
3681,336852
3682,336853
3683,336855
3684,336995
3685,337840
3686,337847
3687,337862
3688,337866
3689,337893
3690,338590
3691,364257
3692,366021
3693,368419
3694,368421
3695,369079
3696,401034
3697,401087
3698,401090
3699,256189
3700,256196
3701,256201
3702,256229
3703,386911
3704,396942
3705,396943
3706,421254
3707,430507
3708,430597
3709,430685
3710,430691
3711,426415
3712,461629
3713,365100
3714,387487
3715,404890
3716,455273
3717,456858
3718,392650
3719,397052
3720,460190
3721,263553
3722,263554
3723,263571
3724,366750
3725,366754
3726,367616
3727,368248
3728,369338
3729,369346
3730,369354
3731,377762
3732,377763
3733,383649
3734,387138
3735,387139
3736,392674
3737,406443
3738,406482
3739,419914
3740,419951
3741,451582
3742,451861
3743,456394
3744,264933
3745,264941
3746,264960
3747,264961
3748,264963
3749,264968
3750,264971
3751,264988
3752,264997
3753,265001
3754,265002
3755,265019
3756,265038
3757,265041
3758,265058
3759,360545
3760,365088
3761,366430
3762,366673
3763,368507
3764,375157
3765,377773
3766,377775
3767,386801
3768,387212
3769,387215
3770,387218
3771,387451
3772,392626
3773,397146
3774,397147
3775,397148
3776,397149
3777,397150
3778,404892
3779,417978
3780,417979
3781,417980
3782,417981
3783,451196
3784,451765
3785,451766
3786,451767
3787,451769
3788,451770
3789,453083
3790,454199
3791,375243
3792,375881
3793,375918
3794,375919
3795,383650
3796,392936
3797,441130
3798,441333
3799,451858
3800,452064
3801,452065
3802,452066
3803,452085
3804,266769
3805,266770
3806,266777
3807,266782
3808,266784
3809,266796
3810,266801
3811,266836
3812,266852
3813,371408
3814,376154
3815,383354
3816,383582
3817,385006
3818,389932
3819,392687
3820,268167
3821,268172
3822,268180
3823,305519
3824,362380
3825,371037
3826,376113
3827,376145
3828,385879
3829,387202
3830,397144
3831,399004
3832,404895
3833,418006
3834,451763
3835,360304
3836,362789
3837,362821
3838,376124
3839,418011
3840,418012
3841,271682
3842,402986
3843,271918
3844,271919
3845,271922
3846,360822
3847,360886
3848,398731
3849,388350
3850,398665
3851,403045
3852,413946
3853,331764
3854,309489
3855,272169
3856,274188
3857,333610
3858,337119
3859,367647
3860,376710
3861,382415
3862,383612
3863,386870
3864,387510
3865,387513
3866,388291
3867,388297
3868,388331
3869,388334
3870,388335
3871,406328
3872,360984
3873,361040
3874,275993
3875,276018
3876,276023
3877,276024
3878,276029
3879,276057
3880,276807
3881,276814
3882,276823
3883,276824
3884,276829
3885,276836
3886,276845
3887,276848
3888,276850
3889,276852
3890,276870
3891,276889
3892,276890
3893,331811
3894,331813
3895,331815
3896,331816
3897,331817
3898,332997
3899,333000
3900,337686
3901,339366
3902,364624
3903,366181
3904,366201
3905,367246
3906,371410
3907,371412
3908,371417
3909,371429
3910,371494
3911,371670
3912,371721
3913,372463
3914,373234
3915,377471
3916,397113
3917,403041
3918,417971
3919,418403
3920,441147
3921,441196
3922,452622
3923,278045
3924,360564
3925,360790
3926,364386
3927,369420
3928,377373
3929,377374
3930,387095
3931,387137
3932,387449
3933,387450
3934,281226
3935,417843
3936,417851
3937,281320
3938,281324
3939,333048
3940,395266
3941,400490
3942,405465
3943,405734
3944,417982
3945,418001
3946,418002
3947,418003
3948,418004
3949,419913
3950,281795
3951,281804
3952,281809
3953,281810
3954,281814
3955,281820
3956,281826
3957,281829
3958,281830
3959,281832
3960,281849
3961,305910
3962,306151
3963,306153
3964,309456
3965,336032
3966,344307
3967,374585
3968,386738
3969,454051
3970,454278
3971,283056
3972,283058
3973,283061
3974,283063
3975,283065
3976,283068
3977,283079
3978,283090
3979,283471
3980,283479
3981,283488
3982,283494
3983,364966
3984,365021
3985,283814
3986,283815
3987,283818
3988,283827
3989,283831
3990,283834
3991,283840
3992,283841
3993,417784
3994,426180
3995,451574
3996,451575
3997,451576
3998,451577
3999,284159
4000,284160
4001,284163
4002,284166
4003,294400
4004,329601
4005,329605
4006,334273
4007,334275
4008,337716
4009,338566
4010,338595
4011,338681
4012,338682
4013,343072
4014,343073
4015,343082
4016,344525
4017,344528
4018,344530
4019,344535
4020,363282
4021,363315
4022,363319
4023,363323
4024,363331
4025,371604
4026,372207
4027,372209
4028,372225
4029,372228
4030,376474
4031,376478
4032,376480
4033,376482
4034,377718
4035,377719
4036,377720
4037,383630
4038,383668
4039,383669
4040,392703
4041,404130
4042,404964
4043,406131
4044,409968
4045,413231
4046,413363
4047,456873
4048,295458
4049,295465
4050,360056
4051,360067
4052,360149
4053,360287
4054,392646
4055,393278
4056,403007
4057,403008
4058,404748
4059,404912
4060,453418
4061,453423
4062,296644
4063,296674
4064,340638
4065,340644
4066,340655
4067,361652
4068,361689
4069,374363
4070,374562
4071,405028
4072,407250
4073,452117
4074,452118
4075,452119
4076,452120
4077,302523
4078,302545
4079,302548
4080,303480
4081,303492
4082,308294
4083,308302
4084,308306
4085,308307
4086,308308
4087,309066
4088,309117
4089,329120
4090,329129
4091,329606
4092,329626
4093,329632
4094,329636
4095,331066
4096,331118
4097,331637
4098,331671
4099,331672
4100,331673
4101,331675
4102,331760
4103,333101
4104,333471
4105,333607
4106,334989
4107,335000
4108,335471
4109,335502
4110,335504
4111,335507
4112,335511
4113,335542
4114,335554
4115,335670
4116,335675
4117,336041
4118,336067
4119,336091
4120,336093
4121,336095
4122,336097
4123,336099
4124,336103
4125,336105
4126,336109
4127,336129
4128,336152
4129,336156
4130,336161
4131,336171
4132,336194
4133,336200
4134,336213
4135,336278
4136,336279
4137,336289
4138,336293
4139,336316
4140,336328
4141,336331
4142,336336
4143,336338
4144,336339
4145,336416
4146,338679
4147,338808
4148,339173
4149,339176
4150,339178
4151,339193
4152,339358
4153,340609
4154,342707
4155,344330
4156,344414
4157,360674
4158,363156
4159,364813
4160,365241
4161,366091
4162,366093
4163,367421
4164,368185
4165,368188
4166,368203
4167,368760
4168,371085
4169,371097
4170,371115
4171,371190
4172,371379
4173,372171
4174,372725
4175,374490
4176,376078
4177,376510
4178,376559
4179,376748
4180,377332
4181,379688
4182,382581
4183,387417
4184,387574
4185,388045
4186,388342
4187,388345
4188,389414
4189,389415
4190,393256
4191,393275
4192,394717
4193,394740
4194,394741
4195,395550
4196,398826
4197,403004
4198,403005
4199,404174
4200,405528
4201,405530
4202,405531
4203,405738
4204,405869
4205,405872
4206,406459
4207,414116
4208,417854
4209,417925
4210,417927
4211,417928
4212,417929
4213,417944
4214,418624
4215,418715
4216,427455
4217,427518
4218,453569
4219,456754
4220,456868
4221,456875
4222,302818
4223,303412
4224,303416
4225,307899
4226,307925
4227,307932
4228,307945
4229,307961
4230,307963
4231,308083
4232,308086
4233,308089
4234,308094
4235,308096
4236,308098
4237,308100
4238,328419
4239,328422
4240,328459
4241,335382
4242,335383
4243,335410
4244,335414
4245,336236
4246,336731
4247,336758
4248,336759
4249,336786
4250,337549
4251,338032
4252,338035
4253,338602
4254,339033
4255,339548
4256,340053
4257,340061
4258,344435
4259,344448
4260,344457
4261,345153
4262,345154
4263,364241
4264,364375
4265,365422
4266,365426
4267,365447
4268,366249
4269,369209
4270,372565
4271,384604
4272,386427
4273,390534
4274,390536
4275,390545
4276,393987
4277,394527
4278,405041
4279,405042
4280,414144
4281,414175
4282,414180
4283,430256
4284,430264
4285,446539
4286,448230
4287,463394
4288,463439
4289,463441
4290,463442
4291,463445
4292,463446
4293,463448
4294,463686
4295,304085
4296,304086
4297,304432
4298,304447
4299,304450
4300,304451
4301,304455
4302,304456
4303,304460
4304,304461
4305,304463
4306,304906
4307,304907
4308,304909
4309,304938
4310,304942
4311,304967
4312,304972
4313,304982
4314,304984
4315,304985
4316,304991
4317,304993
4318,304996
4319,305000
4320,305294
4321,305585
4322,305594
4323,307248
4324,307302
4325,307313
4326,307319
4327,307322
4328,307340
4329,307365
4330,307388
4331,307393
4332,308428
4333,309348
4334,309816
4335,310198
4336,310200
4337,328275
4338,328807
4339,328813
4340,331102
4341,333940
4342,333961
4343,333967
4344,333969
4345,333983
4346,334050
4347,336153
4348,336632
4349,336913
4350,337062
4351,337151
4352,337154
4353,337895
4354,338104
4355,338541
4356,339424
4357,339482
4358,339488
4359,340197
4360,340200
4361,340205
4362,340212
4363,340380
4364,340383
4365,340388
4366,340389
4367,341211
4368,343258
4369,343262
4370,344863
4371,365336
4372,365395
4373,366035
4374,366114
4375,366759
4376,369038
4377,369166
4378,369181
4379,369182
4380,369183
4381,369184
4382,371839
4383,373037
4384,382271
4385,386070
4386,386419
4387,386423
4388,393730
4389,401011
4390,401091
4391,412478
4392,413221
4393,413385
4394,415999
4395,418017
4396,424169
4397,424966
4398,425096
4399,425170
4400,425172
4401,425174
4402,425176
4403,435149
4404,437317
4405,452479
4406,452517
4407,459027
4408,459029
4409,459031
4410,459179
4411,459180
4412,460440
4413,460458
4414,460466
4415,463447
4416,463451
4417,386827
4418,411265
4419,411266
4420,411267
4421,411268
4422,411269
4423,411270
4424,342015
4425,393254
4426,456121
4427,439938
4428,385267
4429,385026
4430,385072
4431,385171
4432,385176
4433,395982
4434,395994
4435,388913
4436,392015
4437,392018
4438,392257
4439,392258
4440,392268
4441,467246
4442,467570
4443,467574
4444,467576
4445,467624
4446,467625
4447,467626
4448,467634
4449,467635
4450,467636
4451,458830
4452,458832
4453,458835
4454,458837
4455,458839
4456,458841
4457,458845
4458,458849
4459,458851
4460,458856
4461,458858
4462,458860
4463,458862
4464,458864
4465,458870
4466,458872
4467,458896
4468,458898
4469,458899
4470,458903
4471,458905
4472,458908
4473,458910
4474,458912
4475,458914
4476,458935
4477,414026
4478,414030
4479,419638
4480,414001
4481,414004
4482,387607
4483,387609
4484,399788
4485,413697
4486,413698
4487,413699
4488,413797
4489,413799
4490,413883
4491,413885
4492,413912
4493,432496
4494,387426
4495,387498
4496,387518
4497,387565
4498,387613
4499,387614
4500,387615
4501,390073
4502,399807
4503,400232
4504,407703
4505,408124
4506,408749
4507,412778
4508,412779
4509,412781
4510,412784
4511,413205
4512,413528
4513,413545
4514,422204
4515,412105
4516,412107
4517,412644
4518,413199
4519,422180
4520,378422
4521,385279
4522,385281
4523,388076
4524,411085
4525,411250
4526,411251
4527,411252
4528,411253
4529,411257
4530,411258
4531,412572
4532,412580
4533,412581
4534,412731
4535,432513
4536,425247
4537,381398
4538,381403
4539,381417
4540,389973
4541,399758
4542,399760
4543,407713
4544,408020
4545,408021
4546,408030
4547,408031
4548,408153
4549,408154
4550,411101
4551,411103
4552,413210
4553,413257
4554,413949
4555,414086
4556,425378
4557,399976
4558,411048
4559,414080
4560,432898
4561,424746
4562,399854
4563,399855
4564,400073
4565,422157
4566,422158
4567,422159
4568,378810
4569,413375
4570,377726
4571,389979
4572,400003
4573,411377
4574,389983
4575,389985
4576,389986
4577,389987
4578,390077
4579,390078
4580,411173
4581,379075
4582,404564
4583,467638
4584,467639
4585,467641
4586,467643
4587,467644
4588,467649
4589,467739
4590,467742
4591,467747
4592,467749
4593,467763
4594,467766
4595,406160
4596,406162
4597,384128
4598,411467
4599,412477
4600,412480
4601,412482
4602,412483
4603,412528
4604,412532
4605,412551
4606,412552
4607,412555
4608,412557
4609,412612
4610,412613
4611,412614
4612,412791
4613,412792
4614,424866
4615,424867
4616,399534
4617,399535
4618,392020
4619,379006
4620,399849
4621,400323
4622,408293
4623,411619
4624,412035
4625,412075
4626,412438
4627,412605
4628,412606
4629,412610
4630,412729
4631,413963
4632,413965
4633,414029
4634,417874
4635,417918
4636,417920
4637,417922
4638,419705
4639,422896
4640,382059
4641,382060
4642,382061
4643,399810
4644,399811
4645,410944
4646,414059
4647,414060
4648,384608
4649,411224
4650,411225
4651,411227
4652,411228
4653,411230
4654,411235
4655,411439
4656,411443
4657,435090
4658,411208
4659,411209
4660,411210
4661,411212
4662,411214
4663,411215
4664,411216
4665,411219
4666,411220
4667,411221
4668,411222
4669,411360
4670,411361
4671,411362
4672,411363
4673,411365
4674,411370
4675,411371
4676,411372
4677,412446
4678,412702
4679,412740
4680,412758
4681,414150
4682,435056
4683,435057
4684,435058
4685,435085
4686,435186
4687,435187
4688,411092
4689,411093
4690,411094
4691,411124
4692,411126
4693,411242
4694,411243
4695,411402
4696,421111
4697,421112
4698,410528
4699,410536
4700,410538
4701,410539
4702,410961
4703,411239
4704,411261
4705,411322
4706,411422
4707,449965
4708,410525
4709,410948
4710,411332
4711,411333
4712,411334
4713,389849
4714,400218
4715,411307
4716,411310
4717,422293
4718,425380
4719,411351
4720,411352
4721,382831
4722,382835
4723,382845
4724,382854
4725,382855
4726,382856
4727,382858
4728,382920
4729,382921
4730,382922
4731,382928
4732,382929
4733,382930
4734,382932
4735,382934
4736,382935
4737,382936
4738,382937
4739,382949
4740,382950
4741,382980
4742,383005
4743,383006
4744,383007
4745,383008
4746,383009
4747,383011
4748,383038
4749,383042
4750,383044
4751,383045
4752,383056
4753,383058
4754,383061
4755,383073
4756,383155
4757,383156
4758,383307
4759,383308
4760,383310
4761,383311
4762,383313
4763,383317
4764,383318
4765,383335
4766,383337
4767,383338
4768,383363
4769,383380
4770,383391
4771,383392
4772,383394
4773,383401
4774,383548
4775,383550
4776,383552
4777,383569
4778,383580
4779,383581
4780,383586
4781,383587
4782,383588
4783,383589
4784,383615
4785,383616
4786,383632
4787,384837
4788,385406
4789,385428
4790,385431
4791,385456
4792,385529
4793,385534
4794,385746
4795,385751
4796,385753
4797,385755
4798,385760
4799,385855
4800,385866
4801,385882
4802,385957
4803,385959
4804,385963
4805,385966
4806,385991
4807,385993
4808,386333
4809,386346
4810,386348
4811,386350
4812,409959
4813,409960
4814,413542
4815,413915
4816,413921
4817,413924
4818,413980
4819,413982
4820,413983
4821,414051
4822,464742
4823,406205
4824,421146
4825,462258
4826,384173
4827,411204
4828,411207
4829,411318
4830,411320
4831,411321
4832,421147
4833,421148
4834,411417
4835,421145
4836,387980
4837,387982
4838,400052
4839,400053
4840,400084
4841,411157
4842,411159
4843,411160
4844,411193
4845,411355
4846,411931
4847,422297
4848,449966
4849,450030
4850,450042
4851,450062
4852,450118
4853,450315
4854,450322
4855,450324
4856,450444
4857,450455
4858,450490
4859,450894
4860,450911
4861,450946
4862,450954
4863,450973
4864,451028
4865,458005
4866,458008
4867,458010
4868,458012
4869,458014
4870,458017
4871,458019
4872,458021
4873,458023
4874,458026
4875,458028
4876,458062
4877,458064
4878,458076
4879,458080
4880,458086
4881,458089
4882,458095
4883,458311
4884,458346
4885,458349
4886,458351
4887,458610
4888,458623
4889,458635
4890,458724
4891,458726
4892,458728
4893,458950
4894,465859
4895,465861
4896,385284
4897,385308
4898,385309
4899,385310
4900,385312
4901,385313
4902,385318
4903,385319
4904,385320
4905,385321
4906,385322
4907,385324
4908,385325
4909,385329
4910,385330
4911,403861
4912,403863
4913,404011
4914,404012
4915,404013
4916,404014
4917,404016
4918,404018
4919,404293
4920,404329
4921,404331
4922,385164
4923,413514
4924,413516
4925,385343
4926,385352
4927,385351
4928,385385
4929,393855
4930,385391
4931,411606
4932,411870
4933,413241
4934,414068
4935,406156
4936,406157
4937,388541
4938,388542
4939,388739
4940,388744
4941,388757
4942,391694
4943,412136
4944,412137
4945,413354
4946,414028
4947,387628
4948,400033
4949,411479
4950,412647
4951,413365
4952,400179
4953,400216
4954,411357
4955,412125
4956,414075
4957,450314
4958,450864
4959,450865
4960,450869
4961,450906
4962,450908
4963,400112
4964,413868
4965,413917
4966,414070
4967,449968
4968,410938
4969,389401
4970,389382
4971,389384
4972,389387
4973,406166
4974,417860
4975,430097
4976,439945
4977,452130
4978,452132
4979,454190
4980,389705
4981,389746
4982,389747
4983,399992
4984,399996
4985,413220
4986,392605
4987,392782
4988,417805
4989,417870
4990,413539
4991,413713
4992,413812
4993,456819
4994,413169
4995,414041
4996,430101
4997,441058
4998,447918
4999,452100
5000,452101
5001,402985
5002,403013
5003,413813
5004,396570
5005,411001
5006,425439
5007,398592
5008,422255
5009,399762
5010,399763
5011,399764
5012,399973
5013,408157
5014,411057
5015,411098
5016,411873
5017,422301
5018,422315
5019,408310
5020,408375
5021,408380
5022,422145
5023,422146
5024,432276
5025,421936
5026,421944
5027,421950
5028,421953
5029,450063
5030,450064
5031,450065
5032,400322
5033,411921
5034,411922
5035,411923
5036,400059
5037,400098
5038,400099
5039,400105
5040,413250
5041,414032
5042,414035
5043,414058
5044,414094
5045,414096
5046,408748
5047,425377
5048,411326
5049,411331
5050,403071
5051,403074
5052,403076
5053,403077
5054,403147
5055,403148
5056,403152
5057,403154
5058,403157
5059,405015
5060,405017
5061,405018
5062,405019
5063,405021
5064,405023
5065,405024
5066,405029
5067,405030
5068,405031
5069,403161
5070,403162
5071,403163
5072,403176
5073,403178
5074,403179
5075,403180
5076,403181
5077,403183
5078,403186
5079,403385
5080,403386
5081,403387
5082,403389
5083,403390
5084,403391
5085,403392
5086,403393
5087,403394
5088,412444
5089,424876
5090,432896
5091,410002
5092,410004
5093,412445
5094,413922
5095,414071
5096,404735
5097,404908
5098,404950
5099,404951
5100,404953
5101,404955
5102,404959
5103,404960
5104,413918
5105,405005
5106,405006
5107,405007
5108,405010
5109,405011
5110,405012
5111,405013
5112,407217
5113,407218
5114,421251
5115,417500
5116,417605
5117,417606
5118,417607
5119,417608
5120,417609
5121,417610
5122,417611
5123,417669
5124,418652
5125,418653
5126,417698
5127,418586
5128,467637
5129,418594
5130,420158
5131,420161
5132,420295
5133,420298
5134,467221
5135,467222
5136,467223
5137,420305
5138,420316
5139,420321
5140,467226
5141,467220
5142,467224
5143,458058
5144,458948
5145,384623
5146,384627
5147,458696
5148,458698
5149,458732
5150,452098
5151,449952
5152,449954
5153,449972
5154,450031
5155,450037
5156,450038
5157,450039
5158,450043
5159,450045
5160,450047
5161,450051
5162,450059
5163,450061
5164,450066
5165,450067
5166,450068
5167,450116
5168,450121
5169,450123
5170,450125
5171,450126
5172,450328
5173,450330
5174,450332
5175,450333
5176,450336
5177,450338
5178,450339
5179,450341
5180,450345
5181,450346
5182,450347
5183,450348
5184,450349
5185,450350
5186,450354
5187,450360
5188,450361
5189,450365
5190,450366
5191,450368
5192,450369
5193,450370
5194,450371
5195,450376
5196,450377
5197,450379
5198,450380
5199,450382
5200,450383
5201,450384
5202,450412
5203,450416
5204,450417
5205,450419
5206,450430
5207,450431
5208,450432
5209,450433
5210,450434
5211,450438
5212,450445
5213,450446
5214,450448
5215,450450
5216,450452
5217,450456
5218,450457
5219,450458
5220,450459
5221,450463
5222,450464
5223,450467
5224,450468
5225,450471
5226,450472
5227,450473
5228,450474
5229,450475
5230,450477
5231,450478
5232,450480
5233,450482
5234,450485
5235,450488
5236,450489
5237,450491
5238,450492
5239,450493
5240,450494
5241,450497
5242,450498
5243,450501
5244,450502
5245,450503
5246,450504
5247,450505
5248,450506
5249,450606
5250,450608
5251,450611
5252,450612
5253,450616
5254,450620
5255,450621
5256,450626
5257,450629
5258,450632
5259,450637
5260,450640
5261,450641
5262,450645
5263,450647
5264,450648
5265,450649
5266,450650
5267,450651
5268,450654
5269,450666
5270,450675
5271,450679
5272,450680
5273,450681
5274,450682
5275,450683
5276,450684
5277,450761
5278,450764
5279,450765
5280,450766
5281,450767
5282,450768
5283,450769
5284,450770
5285,450771
5286,450772
5287,450773
5288,450774
5289,450775
5290,450776
5291,450777
5292,450778
5293,450779
5294,450780
5295,450781
5296,450782
5297,450783
5298,450784
5299,450785
5300,450787
5301,450793
5302,450855
5303,450856
5304,450857
5305,450858
5306,450859
5307,450861
5308,450870
5309,450873
5310,450878
5311,450883
5312,450884
5313,450887
5314,450888
5315,450889
5316,450890
5317,450892
5318,450895
5319,450898
5320,450899
5321,450900
5322,450901
5323,450902
5324,450904
5325,450909
5326,450910
5327,450913
5328,450914
5329,450915
5330,450916
5331,450917
5332,450918
5333,450920
5334,450921
5335,450924
5336,450926
5337,450927
5338,450928
5339,450934
5340,450935
5341,450936
5342,450939
5343,450941
5344,450942
5345,450944
5346,450945
5347,450950
5348,450951
5349,450952
5350,450956
5351,450957
5352,450959
5353,450960
5354,450961
5355,450964
5356,450967
5357,450968
5358,450969
5359,450970
5360,450972
5361,450974
5362,450976
5363,450977
5364,450978
5365,450979
5366,450980
5367,450981
5368,450982
5369,450983
5370,450984
5371,450985
5372,450986
5373,450987
5374,450995
5375,450996
5376,450997
5377,451002
5378,451003
5379,451004
5380,451005
5381,451006
5382,451007
5383,451008
5384,451009
5385,451010
5386,451011
5387,451012
5388,451013
5389,451014
5390,451015
5391,451016
5392,451018
5393,451021
5394,451022
5395,451024
5396,451027
5397,451029
5398,451030
5399,451031
5400,451032
5401,451035
5402,451036
5403,451037
5404,451038
5405,451039
5406,451040
5407,451045
5408,451050
5409,451051
5410,451052
5411,451055
5412,451057
5413,451059
5414,451061
5415,458602
